repo_id,repository,community,downloads,releases,assets,commits,open_issues,closed_issues,total_issues,open_prs,closed_prs,total_prs,readme_issues,readme_commits
0,tensorflow/tensorflow,3720.0,0.0,2.0,0.0,126316.0,2334.0,31882.0,34216.0,332.0,20188.0,20520.0,1.0,247.0
1,bitcoin/bitcoin,1075.0,0.0,2.0,0.0,32903.0,607.0,6159.0,6766.0,418.0,16516.0,16934.0,1.0,67.0
2,apple/swift,1295.0,0.0,2.0,0.0,132944.0,0.0,0.0,0.0,496.0,41084.0,41580.0,0.0,230.0
3,pytorch/pytorch,3086.0,2499.0,30.0,3.0,44377.0,7715.0,17139.0,24854.0,3640.0,45325.0,48965.0,15.0,203.0
4,protocolbuffers/protobuf,974.0,555315.0,30.0,781.0,9148.0,921.0,3954.0,4875.0,35.0,4548.0,4583.0,0.0,37.0
5,godotengine/godot,1874.0,1276.0,30.0,347.0,41949.0,5932.0,26451.0,32383.0,1341.0,23744.0,25085.0,4.0,40.0
6,tesseract-ocr/tesseract,200.0,0.0,2.0,0.0,5954.0,349.0,1933.0,2282.0,9.0,1440.0,1449.0,1.0,76.0
7,x64dbg/x64dbg,120.0,4403.0,3.0,5.0,4824.0,485.0,1619.0,2104.0,15.0,670.0,685.0,2.0,55.0
8,ocornut/imgui,315.0,0.0,2.0,0.0,6841.0,604.0,3245.0,3849.0,113.0,786.0,899.0,56.0,0.0
9,grpc/grpc,883.0,11308.0,30.0,24.0,50586.0,816.0,9243.0,10059.0,252.0,18491.0,18743.0,0.0,74.0
10,BVLC/caffe,328.0,0.0,2.0,0.0,4156.0,888.0,3882.0,4770.0,287.0,1936.0,2223.0,0.0,35.0
11,ariya/phantomjs,180.0,0.0,2.0,0.0,1958.0,15.0,4721.0,4736.0,0.0,1051.0,1051.0,11.0,55.0
12,nlohmann/json,256.0,2431186.0,30.0,110.0,4326.0,29.0,1937.0,1966.0,21.0,703.0,724.0,5.0,565.0
13,google/leveldb,71.0,0.0,2.0,0.0,415.0,150.0,511.0,661.0,58.0,251.0,309.0,9.0,22.0
14,rethinkdb/rethinkdb,260.0,0.0,2.0,0.0,33438.0,1399.0,4950.0,6349.0,19.0,616.0,635.0,0.0,59.0
15,aria2/aria2,65.0,222578.0,23.0,174.0,5290.0,854.0,734.0,1588.0,40.0,248.0,288.0,0.0,57.0
16,google/googletest,410.0,0.0,2.0,0.0,3858.0,180.0,1708.0,1888.0,32.0,1665.0,1697.0,2.0,92.0
17,microsoft/calculator,96.0,0.0,2.0,0.0,721.0,247.0,617.0,864.0,9.0,909.0,918.0,2.0,20.0
18,cmderdev/cmder,160.0,1333634.0,30.0,106.0,1340.0,26.0,2094.0,2120.0,0.0,504.0,504.0,8.0,94.0
19,CMU-Perceptual-Computing-Lab/openpose,98.0,107099.0,15.0,20.0,692.0,131.0,1627.0,1758.0,8.0,213.0,221.0,2.0,136.0
20,topjohnwu/Magisk,274.0,26977004.0,30.0,56.0,5637.0,38.0,3958.0,3996.0,10.0,1409.0,1419.0,2.0,75.0
21,dmlc/xgboost,572.0,2599.0,30.0,38.0,5689.0,244.0,4066.0,4310.0,53.0,3348.0,3401.0,0.0,184.0
22,huihut/interview,25.0,0.0,2.0,0.0,365.0,3.0,39.0,42.0,2.0,41.0,43.0,19.0,256.0
23,facebook/rocksdb,900.0,0.0,2.0,0.0,10815.0,414.0,2036.0,2450.0,259.0,6731.0,6990.0,2.0,17.0
24,ClickHouse/ClickHouse,1325.0,726.0,30.0,468.0,84083.0,1850.0,8970.0,10820.0,190.0,23996.0,24186.0,0.0,149.0
25,mongodb/mongo,919.0,0.0,2.0,0.0,63612.0,0.0,0.0,0.0,58.0,1358.0,1416.0,0.0,1.0
26,facebook/folly,1109.0,3273.0,30.0,60.0,10544.0,299.0,600.0,899.0,58.0,741.0,799.0,9.0,45.0
27,apache/incubator-mxnet,1001.0,21535.0,30.0,49.0,11804.0,1764.0,7709.0,9473.0,216.0,10728.0,10944.0,0.0,149.0
28,ApolloAuto/apollo,436.0,31821.0,10.0,10.0,18068.0,1064.0,2466.0,3530.0,59.0,10725.0,10784.0,0.0,126.0
29,uglide/RedisDesktopManager,82.0,0.0,2.0,0.0,2093.0,28.0,4464.0,4492.0,4.0,535.0,539.0,0.0,94.0
30,v8/v8,845.0,0.0,2.0,0.0,73931.0,0.0,0.0,0.0,0.0,4.0,4.0,0.0,6.0
31,mozilla/DeepSpeech,175.0,27568.0,30.0,871.0,3466.0,106.0,1947.0,2053.0,16.0,1625.0,1641.0,4.0,33.0
32,envoyproxy/envoy,986.0,0.0,2.0,0.0,10743.0,1131.0,5818.0,6949.0,139.0,13170.0,13309.0,13.0,62.0
33,osquery/osquery,435.0,1258.0,30.0,143.0,6055.0,484.0,2417.0,2901.0,29.0,4441.0,4470.0,2.0,104.0
34,alibaba/weex,307.0,0.0,2.0,0.0,12033.0,26.0,1882.0,1908.0,1.0,1374.0,1375.0,10.0,96.0
35,taichi-dev/taichi,184.0,0.0,2.0,0.0,8422.0,406.0,1103.0,1509.0,35.0,2929.0,2964.0,0.0,287.0
36,telegramdesktop/tdesktop,173.0,8361.0,30.0,177.0,12010.0,713.0,10057.0,10770.0,11.0,1259.0,1270.0,3.0,101.0
37,yuzu-emu/yuzu,329.0,0.0,2.0,0.0,20945.0,897.0,1605.0,2502.0,45.0,4935.0,4980.0,0.0,69.0
38,swoole/swoole-src,198.0,3996.0,30.0,14.0,12441.0,81.0,2929.0,3010.0,2.0,1572.0,1574.0,0.0,172.0
39,facebook/hhvm,1309.0,0.0,2.0,0.0,47722.0,594.0,5278.0,5872.0,62.0,2929.0,2991.0,0.0,80.0
40,google/flatbuffers,573.0,40056.0,18.0,17.0,2520.0,122.0,1756.0,1878.0,14.0,1869.0,1883.0,0.0,21.0
41,microsoft/CNTK,296.0,5123.0,30.0,29.0,16116.0,753.0,2527.0,3280.0,82.0,457.0,539.0,0.0,150.0
42,Light-City/CPlusPlusThings,22.0,0.0,2.0,0.0,196.0,52.0,91.0,143.0,21.0,36.0,57.0,0.0,85.0
43,TheAlgorithms/C-Plus-Plus,285.0,0.0,2.0,0.0,1555.0,7.0,184.0,191.0,61.0,1675.0,1736.0,2.0,31.0
44,vnpy/vnpy,144.0,0.0,2.0,0.0,6335.0,12.0,1861.0,1873.0,1.0,1344.0,1345.0,1.0,182.0
45,SerenityOS/serenity,782.0,0.0,2.0,0.0,35425.0,479.0,2347.0,2826.0,82.0,9998.0,10080.0,0.0,46.0
46,ossrs/srs,120.0,2296.0,30.0,45.0,8019.0,174.0,835.0,1009.0,13.0,411.0,424.0,4.0,1861.0
47,Tencent/mars,53.0,0.0,2.0,0.0,1515.0,322.0,580.0,902.0,9.0,94.0,103.0,1.0,45.0
48,microsoft/winget-cli,72.0,169696.0,21.0,37.0,551.0,432.0,651.0,1083.0,14.0,619.0,633.0,0.0,35.0
49,changkun/modern-cpp-tutorial,66.0,369.0,3.0,4.0,257.0,5.0,97.0,102.0,1.0,118.0,119.0,19.0,45.0
50,sqlitebrowser/sqlitebrowser,165.0,1796072.0,30.0,128.0,3698.0,523.0,1904.0,2427.0,7.0,475.0,482.0,5.0,120.0
51,electronicarts/CnC_Remastered_Collection,3.0,0.0,2.0,0.0,12.0,73.0,20.0,93.0,11.0,10.0,21.0,0.0,1.0
52,cocos2d/cocos2d-x,855.0,0.0,2.0,0.0,37358.0,1384.0,3532.0,4916.0,193.0,15495.0,15688.0,0.0,100.0
53,ValveSoftware/Proton,76.0,0.0,2.0,0.0,1266.0,3291.0,2093.0,5384.0,8.0,146.0,154.0,1.0,95.0
54,haoel/leetcode,59.0,0.0,2.0,0.0,787.0,20.0,36.0,56.0,11.0,200.0,211.0,0.0,437.0
55,facebookresearch/faiss,97.0,0.0,2.0,0.0,599.0,189.0,1547.0,1736.0,9.0,456.0,465.0,0.0,44.0
56,flameshot-org/flameshot,202.0,38599.0,22.0,319.0,1675.0,304.0,1310.0,1614.0,10.0,794.0,804.0,2.0,155.0
57,trojan-gfw/trojan,23.0,916590.0,30.0,146.0,466.0,26.0,509.0,535.0,3.0,74.0,77.0,1.0,29.0
58,simdjson/simdjson,101.0,389.0,29.0,6.0,2358.0,118.0,556.0,674.0,4.0,1069.0,1073.0,0.0,264.0
59,google/mediapipe,3.0,0.0,2.0,0.0,112.0,292.0,2696.0,2988.0,50.0,116.0,166.0,0.0,43.0
60,zhongyang219/TrafficMonitor,19.0,705409.0,22.0,45.0,782.0,517.0,510.0,1027.0,2.0,30.0,32.0,0.0,36.0
61,facebook/yoga,254.0,0.0,2.0,0.0,2038.0,233.0,273.0,506.0,104.0,504.0,608.0,2.0,72.0
62,notepad-plus-plus/notepad-plus-plus,351.0,410290.0,30.0,536.0,4529.0,1558.0,6125.0,7683.0,6.0,2681.0,2687.0,2.0,33.0
63,aseprite/aseprite,75.0,132672.0,30.0,30.0,7655.0,1174.0,1648.0,2822.0,17.0,329.0,346.0,4.0,73.0
64,catchorg/Catch2,318.0,268161.0,30.0,248.0,3935.0,310.0,1274.0,1584.0,16.0,766.0,782.0,2.0,219.0
65,microsoft/react-native-windows,214.0,0.0,2.0,0.0,6198.0,666.0,2935.0,3601.0,29.0,5972.0,6001.0,6.0,63.0
66,apache/incubator-weex,308.0,199.0,5.0,1.0,12026.0,232.0,709.0,941.0,15.0,2381.0,2396.0,0.0,94.0
67,Tencent/MMKV,27.0,0.0,2.0,0.0,1039.0,5.0,605.0,610.0,0.0,206.0,206.0,0.0,48.0
68,pqrs-org/Karabiner-Elements,37.0,1756242.0,29.0,30.0,5304.0,497.0,2454.0,2951.0,1.0,69.0,70.0,0.0,66.0
69,dogecoin/dogecoin,631.0,1323319.0,30.0,182.0,13953.0,109.0,961.0,1070.0,63.0,1495.0,1558.0,0.0,75.0
70,ethereum/solidity,567.0,93809.0,30.0,144.0,21972.0,911.0,4039.0,4950.0,73.0,7378.0,7451.0,1.0,49.0
71,uNetworking/uWebSockets,27.0,0.0,2.0,0.0,793.0,21.0,325.0,346.0,5.0,252.0,257.0,0.0,72.0
72,Tencent/ncnn,220.0,26231.0,30.0,306.0,2450.0,621.0,1809.0,2430.0,28.0,1130.0,1158.0,1.0,83.0
73,gabime/spdlog,319.0,0.0,2.0,0.0,3953.0,31.0,1546.0,1577.0,0.0,624.0,624.0,3.0,452.0
74,xbmc/xbmc,1106.0,0.0,2.0,0.0,59813.0,719.0,2017.0,2736.0,164.0,17994.0,18158.0,0.0,25.0
75,google/libphonenumber,136.0,0.0,2.0,0.0,1932.0,0.0,0.0,0.0,49.0,1234.0,1283.0,0.0,204.0
76,google/filament,109.0,453.0,30.0,388.0,4658.0,95.0,1466.0,1561.0,6.0,3234.0,3240.0,0.0,226.0
77,OpenGenus/cosmos,1154.0,0.0,2.0,0.0,10327.0,966.0,358.0,1324.0,1526.0,3544.0,5070.0,2.0,32.0
78,Qv2ray/Qv2ray,62.0,84982.0,30.0,217.0,3037.0,20.0,1058.0,1078.0,0.0,440.0,440.0,4.0,133.0
79,google/guetzli,23.0,35185.0,5.0,22.0,145.0,103.0,68.0,171.0,20.0,81.0,101.0,3.0,20.0
80,fmtlib/fmt,376.0,1023349.0,30.0,29.0,5633.0,9.0,1799.0,1808.0,2.0,978.0,980.0,0.0,363.0
81,apache/incubator-brpc,143.0,0.0,2.0,0.0,2429.0,484.0,710.0,1194.0,80.0,439.0,519.0,0.0,74.0
82,microsoft/AirSim,239.0,19621.0,26.0,218.0,3379.0,501.0,2594.0,3095.0,11.0,799.0,810.0,1.0,111.0
83,CoatiSoftware/Sourcetrail,45.0,22980.0,9.0,49.0,2760.0,356.0,680.0,1036.0,0.0,190.0,190.0,3.0,92.0
84,MarlinFirmware/Marlin,1090.0,0.0,2.0,0.0,19266.0,673.0,12328.0,13001.0,53.0,10494.0,10547.0,1.0,197.0
85,arangodb/arangodb,166.0,0.0,2.0,0.0,48412.0,577.0,3648.0,4225.0,67.0,11555.0,11622.0,3.0,101.0
86,google/tink,113.0,556.0,20.0,15.0,4516.0,105.0,291.0,396.0,23.0,168.0,191.0,0.0,97.0
87,onnx/onnx,256.0,17321.0,21.0,6.0,1908.0,445.0,1380.0,1825.0,75.0,2072.0,2147.0,2.0,77.0
88,wkhtmltopdf/wkhtmltopdf,93.0,2421.0,15.0,156.0,1172.0,1240.0,2279.0,3519.0,24.0,172.0,196.0,0.0,6.0
89,lettier/3d-game-shaders-for-beginners,1.0,0.0,2.0,0.0,1.0,13.0,11.0,24.0,0.0,9.0,9.0,0.0,1.0
90,keepassxreboot/keepassxc,353.0,307951.0,30.0,715.0,4220.0,671.0,4815.0,5486.0,27.0,1656.0,1683.0,3.0,83.0
91,Tencent/rapidjson,206.0,0.0,2.0,0.0,2407.0,502.0,845.0,1347.0,60.0,583.0,643.0,3.0,62.0
92,WerWolv/ImHex,58.0,4824.0,28.0,129.0,1304.0,34.0,286.0,320.0,2.0,132.0,134.0,0.0,44.0
93,EOSIO/eos,343.0,7493.0,30.0,122.0,20554.0,297.0,4741.0,5038.0,79.0,5897.0,5976.0,0.0,282.0
94,USTC-Resource/USTC-Course,11.0,0.0,2.0,0.0,86.0,2.0,8.0,10.0,0.0,14.0,14.0,0.0,18.0
95,apple/foundationdb,259.0,424.0,30.0,616.0,18688.0,739.0,676.0,1415.0,192.0,4902.0,5094.0,2.0,64.0
96,ShiqiYu/libfacedetection,26.0,0.0,2.0,0.0,189.0,37.0,256.0,293.0,3.0,30.0,33.0,2.0,83.0
97,davisking/dlib,184.0,24898.0,24.0,1.0,8046.0,45.0,1953.0,1998.0,6.0,528.0,534.0,0.0,11.0
98,kyleneideck/BackgroundMusic,34.0,99204.0,30.0,70.0,352.0,383.0,138.0,521.0,0.0,34.0,34.0,4.0,85.0
99,chenshuo/muduo,52.0,0.0,2.0,0.0,792.0,57.0,264.0,321.0,33.0,180.0,213.0,0.0,6.0
100,ftsrg/BME-MODES3,20.0,82.0,7.0,6.0,1327.0,18.0,100.0,118.0,2.0,13.0,15.0,3.0,44.0
101,Tomash667/carpg,7.0,0.0,2.0,0.0,877.0,153.0,245.0,398.0,0.0,45.0,45.0,2.0,6.0
102,dpjudas/UICore,2.0,0.0,2.0,0.0,304.0,0.0,4.0,4.0,0.0,17.0,17.0,0.0,6.0
103,ruoso/u5e,4.0,0.0,2.0,0.0,145.0,4.0,1.0,5.0,0.0,2.0,2.0,0.0,27.0
104,ckmarkoh/AcrosticPoem-RNNPG,2.0,0.0,2.0,0.0,4.0,0.0,0.0,0.0,0.0,0.0,0.0,0.0,3.0
105,Ivanzgj/Algorithm,2.0,0.0,2.0,0.0,37.0,0.0,0.0,0.0,0.0,0.0,0.0,0.0,18.0
106,arcadejust/MultiotpCPV2RDP,2.0,0.0,2.0,0.0,26.0,3.0,2.0,5.0,0.0,1.0,1.0,0.0,3.0
107,hasherezade/petya_green,2.0,0.0,2.0,0.0,9.0,2.0,0.0,2.0,0.0,0.0,0.0,0.0,1.0
108,yixuan/fontr,2.0,0.0,2.0,0.0,54.0,0.0,0.0,0.0,0.0,0.0,0.0,0.0,3.0
109,Psychlist1972/Windows-10-MIDI-Library,1.0,0.0,2.0,0.0,53.0,4.0,0.0,4.0,0.0,0.0,0.0,0.0,32.0
110,neuleaf/faster-rcnn-cpu,1.0,0.0,2.0,0.0,7.0,2.0,0.0,2.0,0.0,0.0,0.0,0.0,4.0
111,benhj/jasl,2.0,0.0,2.0,0.0,441.0,7.0,32.0,39.0,0.0,0.0,0.0,0.0,70.0
112,simlrh/OSVR-fusion,1.0,143.0,2.0,5.0,7.0,2.0,2.0,4.0,1.0,1.0,2.0,0.0,6.0
113,PlatformLab/PerfUtils,11.0,0.0,2.0,0.0,96.0,2.0,3.0,5.0,1.0,10.0,11.0,0.0,2.0
114,the-martian-trajectory-app/trajectory,2.0,0.0,2.0,0.0,4.0,0.0,0.0,0.0,0.0,0.0,0.0,0.0,2.0
115,qlyoung/armory-keyboard,4.0,0.0,2.0,0.0,97.0,2.0,3.0,5.0,0.0,2.0,2.0,0.0,29.0
116,daeken/Zookeeper,2.0,0.0,2.0,0.0,87.0,0.0,1.0,1.0,0.0,1.0,1.0,0.0,0.0
117,caitp/TwitchSwitcher,3.0,0.0,2.0,0.0,47.0,13.0,4.0,17.0,0.0,7.0,7.0,0.0,5.0
118,RafaelRiber/RetroWatch,1.0,0.0,2.0,0.0,56.0,0.0,2.0,2.0,0.0,0.0,0.0,0.0,34.0
119,ue4plugins/HoverPlugin,3.0,0.0,2.0,0.0,33.0,0.0,1.0,1.0,0.0,0.0,0.0,0.0,12.0
120,theintencity/py-webrtc,2.0,0.0,2.0,0.0,4.0,0.0,0.0,0.0,0.0,0.0,0.0,0.0,1.0
121,moononournation/ATtinyWatch,1.0,0.0,2.0,0.0,15.0,1.0,1.0,2.0,0.0,0.0,0.0,0.0,8.0
122,yunshouhu/InterviewQuestions,1.0,0.0,2.0,0.0,2.0,0.0,0.0,0.0,0.0,0.0,0.0,0.0,2.0
123,ProjectSkyfire/SkyFire_one,23.0,0.0,2.0,0.0,1907.0,0.0,0.0,0.0,0.0,20.0,20.0,0.0,11.0
124,wilda17/ESP8266-Google-Calendar-Arduino,2.0,0.0,2.0,0.0,6.0,3.0,2.0,5.0,0.0,1.0,1.0,0.0,3.0
125,WojciechMula/simd-search,2.0,0.0,2.0,0.0,12.0,1.0,0.0,1.0,0.0,1.0,1.0,0.0,2.0
126,freedib/lldbmi2,10.0,0.0,2.0,0.0,166.0,0.0,22.0,22.0,0.0,9.0,9.0,0.0,13.0
127,bioinfologics/w2rap-contigger,6.0,0.0,2.0,0.0,212.0,17.0,26.0,43.0,0.0,8.0,8.0,0.0,7.0
128,FAKEFACTORY/CM2013,1.0,0.0,2.0,0.0,1.0,4.0,0.0,4.0,0.0,0.0,0.0,0.0,1.0
129,ikekonglp/PAD,1.0,0.0,2.0,0.0,14.0,1.0,0.0,1.0,0.0,0.0,0.0,0.0,9.0
130,simongeilfus/SpacePartitioning,3.0,0.0,2.0,0.0,42.0,0.0,2.0,2.0,0.0,2.0,2.0,0.0,13.0
131,CyanogenMod/android_device_htc_supersonic,3.0,0.0,2.0,0.0,116.0,0.0,0.0,0.0,0.0,1.0,1.0,0.0,1.0
132,JonnyPtn/SFML-DOOM,6.0,11.0,2.0,6.0,278.0,0.0,5.0,5.0,0.0,4.0,4.0,0.0,9.0
133,to-miz/tm,3.0,0.0,2.0,0.0,233.0,0.0,3.0,3.0,0.0,0.0,0.0,0.0,66.0
134,motoharu-gosuto/psvcd,2.0,0.0,2.0,0.0,41.0,0.0,0.0,0.0,1.0,1.0,2.0,0.0,24.0
135,qtumproject/x86lib,5.0,0.0,2.0,0.0,231.0,0.0,1.0,1.0,1.0,26.0,27.0,0.0,1.0
136,qcdong2016/QCEditor,1.0,0.0,2.0,0.0,80.0,0.0,2.0,2.0,0.0,0.0,0.0,0.0,22.0
137,chhshen/pedestrian-detection,2.0,0.0,2.0,0.0,21.0,4.0,0.0,4.0,0.0,0.0,0.0,0.0,10.0
138,VIDA-NYU/TaxiVis,2.0,0.0,2.0,0.0,7.0,1.0,0.0,1.0,0.0,0.0,0.0,0.0,2.0
139,elliotgoodrich/VariadicTemplateAlgorithms,2.0,0.0,2.0,0.0,43.0,0.0,1.0,1.0,0.0,1.0,1.0,0.0,6.0
140,indutny/mmap.js,4.0,0.0,2.0,0.0,18.0,5.0,3.0,8.0,2.0,5.0,7.0,1.0,2.0
141,NotGlop/SysExec,1.0,0.0,2.0,0.0,10.0,0.0,1.0,1.0,0.0,0.0,0.0,0.0,3.0
142,mattmcd/NaCl,3.0,0.0,2.0,0.0,119.0,1.0,4.0,5.0,0.0,1.0,1.0,0.0,4.0
143,danauclair/CardScan,1.0,0.0,2.0,0.0,3.0,2.0,0.0,2.0,0.0,0.0,0.0,0.0,1.0
144,okcashpro/okcash-oldsrc-history,10.0,185.0,15.0,74.0,177.0,1.0,5.0,6.0,0.0,10.0,10.0,0.0,28.0
145,TcT2k/wxPDFView,7.0,0.0,2.0,0.0,168.0,7.0,3.0,10.0,1.0,0.0,1.0,0.0,24.0
146,faustomilletari/3D-Caffe,2.0,0.0,2.0,0.0,4.0,6.0,3.0,9.0,0.0,0.0,0.0,0.0,1.0
147,jiapei100/VOSM,3.0,0.0,2.0,0.0,160.0,1.0,4.0,5.0,0.0,0.0,0.0,0.0,28.0
148,yechengxi/DBG2OLC,8.0,0.0,2.0,0.0,75.0,5.0,62.0,67.0,0.0,13.0,13.0,0.0,30.0
149,qistoph/ArduinoAES256,2.0,0.0,2.0,0.0,7.0,1.0,3.0,4.0,0.0,1.0,1.0,0.0,1.0
150,llvm-mirror/libunwind,58.0,0.0,2.0,0.0,312.0,0.0,0.0,0.0,0.0,1.0,1.0,0.0,0.0
151,CyanogenMod/android_frameworks_native,801.0,0.0,2.0,0.0,56044.0,0.0,0.0,0.0,2.0,13.0,15.0,0.0,0.0
152,theypsilon/concat,2.0,0.0,2.0,0.0,96.0,4.0,1.0,5.0,0.0,1.0,1.0,0.0,25.0
153,loveblockchain/eosdice,1.0,0.0,2.0,0.0,44.0,1.0,3.0,4.0,0.0,0.0,0.0,0.0,2.0
154,dqydj/PaperBack_EPaper_Display,4.0,0.0,2.0,0.0,30.0,0.0,1.0,1.0,0.0,4.0,4.0,0.0,7.0
155,odedstein/DevelopabilityOfTriangleMeshes,1.0,0.0,2.0,0.0,2.0,0.0,0.0,0.0,0.0,0.0,0.0,0.0,1.0
156,manykits/PHOENIXEngine,1.0,0.0,2.0,0.0,2.0,2.0,0.0,2.0,0.0,0.0,0.0,0.0,1.0
157,kalavaras/LibOVRWrapper,2.0,26153.0,3.0,3.0,59.0,1.0,0.0,1.0,0.0,3.0,3.0,0.0,4.0
158,giacomodabisias/libfreenect2pclgrabber,6.0,0.0,2.0,0.0,125.0,5.0,20.0,25.0,0.0,6.0,6.0,0.0,12.0
159,binnes/esp8266Workshop,8.0,0.0,2.0,0.0,210.0,2.0,4.0,6.0,0.0,11.0,11.0,0.0,10.0
160,albertoCrive/homographyTrackingDemo,2.0,0.0,2.0,0.0,4.0,0.0,1.0,1.0,0.0,0.0,0.0,0.0,2.0
161,julapy/ofxQuadWarp,8.0,0.0,2.0,0.0,51.0,1.0,1.0,2.0,2.0,7.0,9.0,0.0,4.0
162,Facepunch/gmad,6.0,0.0,2.0,0.0,51.0,6.0,22.0,28.0,2.0,13.0,15.0,0.0,7.0
163,EdgeApp/airbitz-core,18.0,0.0,2.0,0.0,1944.0,10.0,11.0,21.0,3.0,6.0,9.0,0.0,20.0
164,RobertKrajewski/Sync-my-L2P,11.0,5984.0,8.0,84.0,320.0,26.0,98.0,124.0,0.0,46.0,46.0,0.0,11.0
165,giddie/qt-cmake-template,2.0,0.0,2.0,0.0,28.0,2.0,1.0,3.0,1.0,0.0,1.0,0.0,6.0
166,named-data-ndnSIM/ndnSIM,46.0,0.0,2.0,0.0,1396.0,42.0,50.0,92.0,6.0,13.0,19.0,0.0,10.0
167,plausiblelabs/plpatchmaster,1.0,0.0,2.0,0.0,49.0,1.0,0.0,1.0,0.0,0.0,0.0,0.0,9.0
168,ropensci/rzmq,8.0,0.0,2.0,0.0,174.0,6.0,21.0,27.0,4.0,27.0,31.0,0.0,10.0
169,lemire/dictionary,2.0,0.0,2.0,0.0,25.0,0.0,0.0,0.0,0.0,1.0,1.0,0.0,12.0
170,kei500/liblinear-ruby,5.0,0.0,2.0,0.0,98.0,3.0,2.0,5.0,0.0,6.0,6.0,0.0,11.0
171,keegnotrub/coda-sass-plugin,3.0,8858.0,13.0,13.0,25.0,11.0,23.0,34.0,0.0,1.0,1.0,0.0,6.0
172,plstcharles/litiv,9.0,0.0,2.0,0.0,1681.0,4.0,10.0,14.0,1.0,6.0,7.0,0.0,22.0
173,jethrogb/ssltrace,3.0,0.0,2.0,0.0,21.0,0.0,1.0,1.0,0.0,1.0,1.0,0.0,7.0
174,devkitPro/nds-hb-menu,8.0,132651.0,5.0,5.0,167.0,5.0,3.0,8.0,0.0,4.0,4.0,0.0,3.0
175,BEETL/BEETL,11.0,0.0,2.0,0.0,113.0,2.0,12.0,14.0,0.0,2.0,2.0,0.0,17.0
176,CyanogenMod/android_external_webkit,132.0,0.0,2.0,0.0,8956.0,0.0,0.0,0.0,0.0,4.0,4.0,0.0,0.0
177,SunResearchInstitute/sys-clk-Editor,8.0,7758.0,13.0,16.0,85.0,1.0,12.0,13.0,0.0,14.0,14.0,0.0,7.0
178,uaf/uaf,9.0,0.0,2.0,0.0,800.0,20.0,67.0,87.0,1.0,62.0,63.0,0.0,25.0
179,ThibaultReuille/graphiti,7.0,0.0,2.0,0.0,167.0,6.0,9.0,15.0,1.0,5.0,6.0,0.0,8.0
180,kaelzhang/penteract-ocr,1.0,0.0,2.0,0.0,34.0,10.0,1.0,11.0,0.0,0.0,0.0,0.0,18.0
181,SungjoonPark/KoreanWordVectors,1.0,0.0,2.0,0.0,9.0,0.0,2.0,2.0,0.0,0.0,0.0,0.0,8.0
182,deiss/fftocean,5.0,0.0,2.0,0.0,186.0,4.0,1.0,5.0,0.0,3.0,3.0,0.0,66.0
183,MayaPosch/BMaC,2.0,0.0,2.0,0.0,52.0,0.0,0.0,0.0,0.0,0.0,0.0,0.0,2.0
184,barryWhiteHat/semaphore,5.0,0.0,2.0,0.0,18.0,3.0,2.0,5.0,0.0,6.0,6.0,0.0,8.0
185,ChaojianYu/Hierarchical-Bilinear-Pooling,1.0,0.0,2.0,0.0,6.0,7.0,3.0,10.0,0.0,0.0,0.0,0.0,6.0
186,rawalkhirodkar/Box2D,1.0,0.0,2.0,0.0,4.0,0.0,0.0,0.0,0.0,0.0,0.0,0.0,1.0
187,RobotClubKut/IntelligentRoboCon_ImageProc,1.0,0.0,2.0,0.0,7.0,0.0,0.0,0.0,0.0,0.0,0.0,0.0,1.0
188,emef/etcdclient,2.0,0.0,2.0,0.0,8.0,0.0,0.0,0.0,0.0,0.0,0.0,0.0,3.0
189,resibots/map_elites_hexapod,3.0,0.0,2.0,0.0,11.0,0.0,0.0,0.0,0.0,0.0,0.0,0.0,8.0
190,zhs007/sanguo,2.0,0.0,2.0,0.0,81.0,0.0,0.0,0.0,0.0,0.0,0.0,0.0,6.0
191,fuzzythecat/SBK-Interpreter,2.0,0.0,2.0,0.0,29.0,3.0,2.0,5.0,0.0,3.0,3.0,0.0,7.0
192,Babygogogo/BabyWarsInCpp,1.0,0.0,2.0,0.0,93.0,0.0,0.0,0.0,0.0,0.0,0.0,0.0,2.0
193,ivanfratric/libsubspace,2.0,0.0,2.0,0.0,5.0,0.0,1.0,1.0,0.0,0.0,0.0,0.0,2.0
194,lshw/18650,1.0,0.0,2.0,0.0,121.0,2.0,0.0,2.0,0.0,0.0,0.0,0.0,33.0
195,Goalsum/POD_STL,1.0,0.0,2.0,0.0,76.0,0.0,0.0,0.0,0.0,0.0,0.0,0.0,3.0
196,filcuc/NimQtCreatorPlugin,1.0,0.0,2.0,0.0,43.0,0.0,8.0,8.0,0.0,1.0,1.0,0.0,5.0
197,verybigdog/fdk-aac-ios,2.0,0.0,2.0,0.0,2.0,0.0,0.0,0.0,0.0,0.0,0.0,0.0,1.0
198,CHADALAK1/WeaponEssentials4.6,2.0,0.0,2.0,0.0,15.0,0.0,0.0,0.0,0.0,2.0,2.0,0.0,5.0
199,,0.0,0.0,,,0.0,0.0,0.0,0.0,0.0,0.0,0.0,0.0,0.0
