fullname,C0,C1,C2,C3,C4,C5,C6,C7,C8,number_of_stars,num_of_watchers,num_of_forks,repo_id,repository,community,downloads,releases,assets,commits,open_issues,closed_issues,total_issues,open_prs,closed_prs,total_prs,readme_issues,readme_commits,Rank,Rank_real,star_rank,fork_rank,watchers_rank,pullrequest_rank,label
tensorflow/tensorflow,0,1,0,1,1,1,1,1,0,161034,161034,85890,0,tensorflow/tensorflow,3720.0,0.0,2.0,0.0,126316.0,2334.0,31882.0,34216.0,332.0,20188.0,20520.0,1.0,247.0,728.0,183.0,183.0,183.0,183.0,179.0,1
bitcoin/bitcoin,0,1,0,1,1,1,1,1,0,59820,59820,30755,1,bitcoin/bitcoin,1075.0,0.0,2.0,0.0,32903.0,607.0,6159.0,6766.0,418.0,16516.0,16934.0,1.0,67.0,722.0,181.0,182.0,182.0,182.0,176.0,1
apple/swift,1,1,0,1,0,0,0,1,0,58057,58057,9297,2,apple/swift,1295.0,0.0,2.0,0.0,132944.0,0.0,0.0,0.0,496.0,41084.0,41580.0,0.0,230.0,721.0,180.0,181.0,177.0,181.0,182.0,1
pytorch/pytorch,1,1,0,1,0,1,1,1,0,52539,52539,14419,3,pytorch/pytorch,3086.0,2499.0,30.0,3.0,44377.0,7715.0,17139.0,24854.0,3640.0,45325.0,48965.0,15.0,203.0,722.0,181.0,180.0,179.0,180.0,183.0,1
protocolbuffers/protobuf,0,1,0,1,0,1,1,0,0,52120,52120,13498,4,protocolbuffers/protobuf,974.0,555315.0,30.0,781.0,9148.0,921.0,3954.0,4875.0,35.0,4548.0,4583.0,0.0,37.0,697.0,177.0,179.0,178.0,179.0,161.0,1
godotengine/godot,0,1,0,1,0,0,1,1,0,44285,44285,7999,5,godotengine/godot,1874.0,1276.0,30.0,347.0,41949.0,5932.0,26451.0,32383.0,1341.0,23744.0,25085.0,4.0,40.0,710.0,179.0,178.0,173.0,178.0,181.0,1
tesseract-ocr/tesseract,1,1,0,1,0,1,1,0,0,43004,43004,7662,6,tesseract-ocr/tesseract,200.0,0.0,2.0,0.0,5954.0,349.0,1933.0,2282.0,9.0,1440.0,1449.0,1.0,76.0,669.0,175.0,177.0,171.0,177.0,144.0,1
x64dbg/x64dbg,1,1,0,1,0,1,1,1,1,37747,37747,1728,7,x64dbg/x64dbg,120.0,4403.0,3.0,5.0,4824.0,485.0,1619.0,2104.0,15.0,670.0,685.0,2.0,55.0,590.0,156.0,176.0,111.0,176.0,127.0,1
grpc/grpc,1,1,0,1,0,0,1,1,0,32601,32601,8565,9,grpc/grpc,883.0,11308.0,30.0,24.0,50586.0,816.0,9243.0,10059.0,252.0,18491.0,18743.0,0.0,74.0,704.0,178.0,175.0,176.0,175.0,178.0,1
BVLC/caffe,0,1,0,0,0,1,1,0,0,32119,32119,18907,10,BVLC/caffe,328.0,0.0,2.0,0.0,4156.0,888.0,3882.0,4770.0,287.0,1936.0,2223.0,0.0,35.0,682.0,176.0,174.0,181.0,174.0,153.0,1
ariya/phantomjs,1,1,0,0,1,1,1,0,0,28628,28628,5825,11,ariya/phantomjs,180.0,0.0,2.0,0.0,1958.0,15.0,4721.0,4736.0,0.0,1051.0,1051.0,11.0,55.0,645.0,168.0,173.0,164.0,173.0,135.0,1
nlohmann/json,0,1,0,1,1,1,1,0,0,27651,27651,4715,12,nlohmann/json,256.0,2431186.0,30.0,110.0,4326.0,29.0,1937.0,1966.0,21.0,703.0,724.0,5.0,565.0,631.0,166.0,172.0,159.0,172.0,128.0,1
google/leveldb,0,1,0,1,0,0,1,1,0,27179,27179,6084,13,google/leveldb,71.0,0.0,2.0,0.0,415.0,150.0,511.0,661.0,58.0,251.0,309.0,9.0,22.0,619.0,162.0,171.0,166.0,171.0,111.0,1
rethinkdb/rethinkdb,1,1,0,1,1,1,1,1,0,25132,25132,1831,14,rethinkdb/rethinkdb,260.0,0.0,2.0,0.0,33438.0,1399.0,4950.0,6349.0,19.0,616.0,635.0,0.0,59.0,580.0,152.0,170.0,115.0,170.0,125.0,1
aria2/aria2,1,1,0,1,1,1,1,0,0,24876,24876,2842,15,aria2/aria2,65.0,222578.0,23.0,174.0,5290.0,854.0,734.0,1588.0,40.0,248.0,288.0,0.0,57.0,577.0,149.0,169.0,129.0,169.0,110.0,1
google/googletest,0,1,0,1,1,0,1,1,0,24348,24348,8071,16,google/googletest,410.0,0.0,2.0,0.0,3858.0,180.0,1708.0,1888.0,32.0,1665.0,1697.0,2.0,92.0,659.0,173.0,168.0,174.0,168.0,149.0,1
microsoft/calculator,0,1,0,1,1,1,1,1,0,23206,23206,4194,17,microsoft/calculator,96.0,0.0,2.0,0.0,721.0,247.0,617.0,864.0,9.0,909.0,918.0,2.0,20.0,619.0,162.0,167.0,152.0,167.0,133.0,1
cmderdev/cmder,1,1,0,1,0,1,1,0,0,23122,23122,1895,18,cmderdev/cmder,160.0,1333634.0,30.0,106.0,1340.0,26.0,2094.0,2120.0,0.0,504.0,504.0,8.0,94.0,566.0,146.0,166.0,117.0,166.0,117.0,1
CMU-Perceptual-Computing-Lab/openpose,0,1,0,1,0,1,1,0,0,22741,22741,6798,19,CMU-Perceptual-Computing-Lab/openpose,98.0,107099.0,15.0,20.0,692.0,131.0,1627.0,1758.0,8.0,213.0,221.0,2.0,136.0,605.0,160.0,165.0,167.0,165.0,108.0,1
topjohnwu/Magisk,0,1,0,1,0,1,1,1,0,22018,22018,4967,20,topjohnwu/Magisk,274.0,26977004.0,30.0,56.0,5637.0,38.0,3958.0,3996.0,10.0,1409.0,1419.0,2.0,75.0,632.0,167.0,164.0,161.0,164.0,143.0,1
dmlc/xgboost,1,1,0,1,0,1,1,1,0,21952,21952,8249,21,dmlc/xgboost,572.0,2599.0,30.0,38.0,5689.0,244.0,4066.0,4310.0,53.0,3348.0,3401.0,0.0,184.0,660.0,174.0,163.0,175.0,163.0,159.0,1
huihut/interview,1,1,0,1,1,1,1,0,0,21470,21470,6003,22,huihut/interview,25.0,0.0,2.0,0.0,365.0,3.0,39.0,42.0,2.0,41.0,43.0,19.0,256.0,579.0,151.0,162.0,165.0,162.0,90.0,1
facebook/rocksdb,0,1,0,0,0,1,1,0,0,21320,21320,4796,23,facebook/rocksdb,900.0,0.0,2.0,0.0,10815.0,414.0,2036.0,2450.0,259.0,6731.0,6990.0,2.0,17.0,649.0,169.0,161.0,160.0,161.0,167.0,1
ClickHouse/ClickHouse,0,1,0,0,0,0,1,0,0,20833,20833,4050,24,ClickHouse/ClickHouse,1325.0,726.0,30.0,468.0,84083.0,1850.0,8970.0,10820.0,190.0,23996.0,24186.0,0.0,149.0,650.0,170.0,160.0,150.0,160.0,180.0,1
mongodb/mongo,1,1,0,1,0,1,1,0,0,20803,20803,5030,25,mongodb/mongo,919.0,0.0,2.0,0.0,63612.0,0.0,0.0,0.0,58.0,1358.0,1416.0,0.0,1.0,622.0,164.0,159.0,162.0,159.0,142.0,1
facebook/folly,0,1,0,1,0,0,1,0,0,20566,20566,4394,26,facebook/folly,1109.0,3273.0,30.0,60.0,10544.0,299.0,600.0,899.0,58.0,741.0,799.0,9.0,45.0,602.0,159.0,158.0,156.0,158.0,130.0,1
apache/incubator-mxnet,0,1,0,0,1,1,1,0,0,19775,19775,6882,27,apache/incubator-mxnet,1001.0,21535.0,30.0,49.0,11804.0,1764.0,7709.0,9473.0,216.0,10728.0,10944.0,0.0,149.0,655.0,171.0,157.0,169.0,157.0,172.0,1
ApolloAuto/apollo,0,1,0,1,0,1,1,0,0,19688,19688,7899,28,ApolloAuto/apollo,436.0,31821.0,10.0,10.0,18068.0,1064.0,2466.0,3530.0,59.0,10725.0,10784.0,0.0,126.0,655.0,171.0,156.0,172.0,156.0,171.0,1
uglide/RedisDesktopManager,0,1,0,0,0,0,0,0,0,19332,19332,3040,29,uglide/RedisDesktopManager,82.0,0.0,2.0,0.0,2093.0,28.0,4464.0,4492.0,4.0,535.0,539.0,0.0,94.0,563.0,144.0,155.0,133.0,155.0,120.0,1
v8/v8,0,0,0,1,0,0,1,1,0,18727,18727,3525,30,v8/v8,845.0,0.0,2.0,0.0,73931.0,0.0,0.0,0.0,0.0,4.0,4.0,0.0,6.0,513.0,130.0,154.0,147.0,154.0,58.0,1
mozilla/DeepSpeech,0,0,0,0,0,0,1,0,0,18584,18584,3346,31,mozilla/DeepSpeech,175.0,27568.0,30.0,871.0,3466.0,106.0,1947.0,2053.0,16.0,1625.0,1641.0,4.0,33.0,595.0,158.0,153.0,142.0,153.0,147.0,1
envoyproxy/envoy,0,1,0,0,0,1,1,1,0,18466,18466,3429,32,envoyproxy/envoy,986.0,0.0,2.0,0.0,10743.0,1131.0,5818.0,6949.0,139.0,13170.0,13309.0,13.0,62.0,623.0,165.0,152.0,145.0,152.0,174.0,1
osquery/osquery,0,1,0,0,1,1,1,0,0,18439,18439,2237,33,osquery/osquery,435.0,1258.0,30.0,143.0,6055.0,484.0,2417.0,2901.0,29.0,4441.0,4470.0,2.0,104.0,582.0,153.0,151.0,120.0,151.0,160.0,1
alibaba/weex,1,1,0,1,1,1,1,1,0,17774,17774,2156,34,alibaba/weex,307.0,0.0,2.0,0.0,12033.0,26.0,1882.0,1908.0,1.0,1374.0,1375.0,10.0,96.0,560.0,140.0,150.0,119.0,150.0,141.0,1
taichi-dev/taichi,0,1,0,1,0,1,1,1,0,17523,17523,1792,35,taichi-dev/taichi,184.0,0.0,2.0,0.0,8422.0,406.0,1103.0,1509.0,35.0,2929.0,2964.0,0.0,287.0,568.0,147.0,149.0,114.0,149.0,156.0,1
telegramdesktop/tdesktop,1,1,0,1,0,0,1,0,0,17411,17411,3707,36,telegramdesktop/tdesktop,173.0,8361.0,30.0,177.0,12010.0,713.0,10057.0,10770.0,11.0,1259.0,1270.0,3.0,101.0,583.0,154.0,148.0,149.0,148.0,138.0,1
yuzu-emu/yuzu,0,0,0,1,0,1,0,1,0,17243,17243,1459,37,yuzu-emu/yuzu,329.0,0.0,2.0,0.0,20945.0,897.0,1605.0,2502.0,45.0,4935.0,4980.0,0.0,69.0,561.0,142.0,147.0,105.0,147.0,162.0,1
swoole/swoole-src,1,0,0,1,1,1,1,1,0,17149,17149,3176,38,swoole/swoole-src,198.0,3996.0,30.0,14.0,12441.0,81.0,2929.0,3010.0,2.0,1572.0,1574.0,0.0,172.0,576.0,148.0,146.0,138.0,146.0,146.0,1
facebook/hhvm,0,1,0,1,0,1,1,1,0,17143,17143,2971,39,facebook/hhvm,1309.0,0.0,2.0,0.0,47722.0,594.0,5278.0,5872.0,62.0,2929.0,2991.0,0.0,80.0,578.0,150.0,145.0,131.0,145.0,157.0,1
google/flatbuffers,0,1,0,1,0,1,1,1,0,17120,17120,2671,40,google/flatbuffers,573.0,40056.0,18.0,17.0,2520.0,122.0,1756.0,1878.0,14.0,1869.0,1883.0,0.0,21.0,565.0,145.0,144.0,126.0,144.0,151.0,1
microsoft/CNTK,1,1,0,1,1,1,1,0,0,17117,17117,4386,41,microsoft/CNTK,296.0,5123.0,30.0,29.0,16116.0,753.0,2527.0,3280.0,82.0,457.0,539.0,0.0,150.0,561.0,142.0,143.0,155.0,143.0,120.0,1
Light-City/CPlusPlusThings,1,0,0,1,1,0,1,0,0,17027,17027,4108,42,Light-City/CPlusPlusThings,22.0,0.0,2.0,0.0,196.0,52.0,91.0,143.0,21.0,36.0,57.0,0.0,85.0,528.0,134.0,142.0,151.0,142.0,93.0,1
TheAlgorithms/C-Plus-Plus,1,1,0,0,0,1,1,1,0,16980,16980,4609,43,TheAlgorithms/C-Plus-Plus,285.0,0.0,2.0,0.0,1555.0,7.0,184.0,191.0,61.0,1675.0,1736.0,2.0,31.0,590.0,156.0,141.0,158.0,141.0,150.0,1
vnpy/vnpy,1,0,0,0,0,0,0,0,0,16937,16937,6834,44,vnpy/vnpy,144.0,0.0,2.0,0.0,6335.0,12.0,1861.0,1873.0,1.0,1344.0,1345.0,1.0,182.0,588.0,155.0,140.0,168.0,140.0,140.0,1
SerenityOS/serenity,1,1,0,1,0,1,1,0,0,16704,16704,1720,45,SerenityOS/serenity,782.0,0.0,2.0,0.0,35425.0,479.0,2347.0,2826.0,82.0,9998.0,10080.0,0.0,46.0,557.0,139.0,139.0,110.0,139.0,169.0,1
ossrs/srs,0,1,0,1,1,1,1,0,0,16576,16576,4195,46,ossrs/srs,120.0,2296.0,30.0,45.0,8019.0,174.0,835.0,1009.0,13.0,411.0,424.0,4.0,1861.0,542.0,136.0,138.0,153.0,138.0,113.0,1
Tencent/mars,1,1,0,1,0,1,1,1,1,15881,15881,3332,47,Tencent/mars,53.0,0.0,2.0,0.0,1515.0,322.0,580.0,902.0,9.0,94.0,103.0,1.0,45.0,513.0,130.0,137.0,141.0,137.0,98.0,1
microsoft/winget-cli,1,1,0,1,1,1,1,1,0,15777,15777,789,48,microsoft/winget-cli,72.0,169696.0,21.0,37.0,551.0,432.0,651.0,1083.0,14.0,619.0,633.0,0.0,35.0,488.0,120.0,136.0,92.0,136.0,124.0,1
changkun/modern-cpp-tutorial,0,1,0,1,0,1,1,0,0,15776,15776,1997,49,changkun/modern-cpp-tutorial,66.0,369.0,3.0,4.0,257.0,5.0,97.0,102.0,1.0,118.0,119.0,19.0,45.0,487.0,118.0,135.0,118.0,135.0,99.0,1
sqlitebrowser/sqlitebrowser,1,1,0,1,1,1,1,0,0,15738,15738,1746,50,sqlitebrowser/sqlitebrowser,165.0,1796072.0,30.0,128.0,3698.0,523.0,1904.0,2427.0,7.0,475.0,482.0,5.0,120.0,497.0,124.0,134.0,113.0,134.0,116.0,1
electronicarts/CnC_Remastered_Collection,1,0,0,0,0,0,0,0,0,15732,15732,4257,51,electronicarts/CnC_Remastered_Collection,3.0,0.0,2.0,0.0,12.0,73.0,20.0,93.0,11.0,10.0,21.0,0.0,1.0,504.0,127.0,133.0,154.0,133.0,84.0,1
cocos2d/cocos2d-x,1,1,0,1,1,1,1,1,0,15679,15679,6993,52,cocos2d/cocos2d-x,855.0,0.0,2.0,0.0,37358.0,1384.0,3532.0,4916.0,193.0,15495.0,15688.0,0.0,100.0,609.0,161.0,132.0,170.0,132.0,175.0,1
ValveSoftware/Proton,0,1,0,1,0,0,1,0,0,15618,15618,674,53,ValveSoftware/Proton,76.0,0.0,2.0,0.0,1266.0,3291.0,2093.0,5384.0,8.0,146.0,154.0,1.0,95.0,451.0,104.0,131.0,88.0,131.0,101.0,1
haoel/leetcode,1,0,0,0,0,0,1,0,0,15480,15480,4565,54,haoel/leetcode,59.0,0.0,2.0,0.0,787.0,20.0,36.0,56.0,11.0,200.0,211.0,0.0,437.0,524.0,133.0,130.0,157.0,130.0,107.0,1
facebookresearch/faiss,0,1,0,1,0,1,1,0,0,15295,15295,2415,55,facebookresearch/faiss,97.0,0.0,2.0,0.0,599.0,189.0,1547.0,1736.0,9.0,456.0,465.0,0.0,44.0,496.0,123.0,129.0,123.0,129.0,115.0,1
flameshot-org/flameshot,1,1,0,1,1,1,1,1,0,15292,15292,958,56,flameshot-org/flameshot,202.0,38599.0,22.0,319.0,1675.0,304.0,1310.0,1614.0,10.0,794.0,804.0,2.0,155.0,483.0,117.0,128.0,96.0,128.0,131.0,1
trojan-gfw/trojan,1,1,0,0,1,1,1,1,0,15192,15192,2706,57,trojan-gfw/trojan,23.0,916590.0,30.0,146.0,466.0,26.0,509.0,535.0,3.0,74.0,77.0,1.0,29.0,477.0,114.0,127.0,127.0,127.0,96.0,1
simdjson/simdjson,1,1,0,1,0,1,1,1,1,15074,15074,772,58,simdjson/simdjson,101.0,389.0,29.0,6.0,2358.0,118.0,556.0,674.0,4.0,1069.0,1073.0,0.0,264.0,479.0,115.0,126.0,91.0,126.0,136.0,1
google/mediapipe,1,1,0,1,1,1,1,1,0,14930,14930,3071,59,google/mediapipe,3.0,0.0,2.0,0.0,112.0,292.0,2696.0,2988.0,50.0,116.0,166.0,0.0,43.0,487.0,118.0,125.0,135.0,125.0,102.0,1
zhongyang219/TrafficMonitor,1,0,0,0,0,0,0,1,0,14837,14837,1699,60,zhongyang219/TrafficMonitor,19.0,705409.0,22.0,45.0,782.0,517.0,510.0,1027.0,2.0,30.0,32.0,0.0,36.0,444.0,100.0,124.0,109.0,124.0,87.0,1
facebook/yoga,1,1,0,1,1,0,1,0,0,14815,14815,1243,61,facebook/yoga,254.0,0.0,2.0,0.0,2038.0,233.0,273.0,506.0,104.0,504.0,608.0,2.0,72.0,470.0,111.0,123.0,102.0,123.0,122.0,1
notepad-plus-plus/notepad-plus-plus,0,1,0,0,1,1,1,1,0,14691,14691,3386,62,notepad-plus-plus/notepad-plus-plus,351.0,410290.0,30.0,536.0,4529.0,1558.0,6125.0,7683.0,6.0,2681.0,2687.0,2.0,33.0,542.0,136.0,122.0,143.0,122.0,155.0,1
aseprite/aseprite,1,1,0,0,1,1,1,0,0,14658,14658,1312,63,aseprite/aseprite,75.0,132672.0,30.0,30.0,7655.0,1174.0,1648.0,2822.0,17.0,329.0,346.0,4.0,73.0,457.0,106.0,121.0,103.0,121.0,112.0,1
catchorg/Catch2,0,1,0,1,0,0,1,0,0,14276,14276,2422,64,catchorg/Catch2,318.0,268161.0,30.0,248.0,3935.0,310.0,1274.0,1584.0,16.0,766.0,782.0,2.0,219.0,493.0,121.0,120.0,124.0,120.0,129.0,1
microsoft/react-native-windows,0,1,0,1,1,1,1,1,0,14221,14221,1057,65,microsoft/react-native-windows,214.0,0.0,2.0,0.0,6198.0,666.0,2935.0,3601.0,29.0,5972.0,6001.0,6.0,63.0,504.0,127.0,119.0,100.0,119.0,166.0,1
apache/incubator-weex,0,1,0,1,1,1,1,1,0,13996,13996,1859,66,apache/incubator-weex,308.0,199.0,5.0,1.0,12026.0,232.0,709.0,941.0,15.0,2381.0,2396.0,0.0,94.0,506.0,129.0,118.0,116.0,118.0,154.0,1
Tencent/MMKV,0,1,0,1,1,1,1,1,0,13861,13861,1530,67,Tencent/MMKV,27.0,0.0,2.0,0.0,1039.0,5.0,605.0,610.0,0.0,206.0,206.0,0.0,48.0,448.0,102.0,117.0,108.0,117.0,106.0,1
pqrs-org/Karabiner-Elements,0,1,0,1,0,1,1,0,1,13795,13795,731,68,pqrs-org/Karabiner-Elements,37.0,1756242.0,29.0,30.0,5304.0,497.0,2454.0,2951.0,1.0,69.0,70.0,0.0,66.0,416.0,95.0,116.0,89.0,116.0,95.0,0
dogecoin/dogecoin,1,1,0,1,1,1,1,1,0,13547,13547,2387,69,dogecoin/dogecoin,631.0,1323319.0,30.0,182.0,13953.0,109.0,961.0,1070.0,63.0,1495.0,1558.0,0.0,75.0,497.0,124.0,115.0,122.0,115.0,145.0,1
ethereum/solidity,0,1,0,1,0,1,1,0,0,13428,13428,3318,70,ethereum/solidity,567.0,93809.0,30.0,144.0,21972.0,911.0,4039.0,4950.0,73.0,7378.0,7451.0,1.0,49.0,536.0,135.0,114.0,140.0,114.0,168.0,1
uNetworking/uWebSockets,0,1,0,1,0,1,1,0,0,13375,13375,1451,71,uNetworking/uWebSockets,27.0,0.0,2.0,0.0,793.0,21.0,325.0,346.0,5.0,252.0,257.0,0.0,72.0,439.0,98.0,113.0,104.0,113.0,109.0,0
Tencent/ncnn,1,1,0,0,0,1,1,0,0,13267,13267,3198,72,Tencent/ncnn,220.0,26231.0,30.0,306.0,2450.0,621.0,1809.0,2430.0,28.0,1130.0,1158.0,1.0,83.0,500.0,126.0,112.0,139.0,112.0,137.0,1
gabime/spdlog,1,1,0,1,0,1,1,0,1,13263,13263,2806,73,gabime/spdlog,319.0,0.0,2.0,0.0,3953.0,31.0,1546.0,1577.0,0.0,624.0,624.0,3.0,452.0,473.0,112.0,111.0,128.0,111.0,123.0,1
xbmc/xbmc,0,1,0,1,0,1,1,1,0,13117,13117,5800,74,xbmc/xbmc,1106.0,0.0,2.0,0.0,59813.0,719.0,2017.0,2736.0,164.0,17994.0,18158.0,0.0,25.0,560.0,140.0,110.0,163.0,110.0,177.0,1
google/libphonenumber,1,1,0,1,1,0,1,0,0,13116,13116,1740,75,google/libphonenumber,136.0,0.0,2.0,0.0,1932.0,0.0,0.0,0.0,49.0,1234.0,1283.0,0.0,204.0,469.0,110.0,109.0,112.0,109.0,139.0,1
google/filament,1,1,0,1,0,1,1,1,0,13102,13102,1193,76,google/filament,109.0,453.0,30.0,388.0,4658.0,95.0,1466.0,1561.0,6.0,3234.0,3240.0,0.0,226.0,475.0,113.0,108.0,101.0,108.0,158.0,1
OpenGenus/cosmos,0,1,0,0,0,1,0,1,0,12922,12922,3401,77,OpenGenus/cosmos,1154.0,0.0,2.0,0.0,10327.0,966.0,358.0,1324.0,1526.0,3544.0,5070.0,2.0,32.0,521.0,132.0,107.0,144.0,107.0,163.0,1
Qv2ray/Qv2ray,1,0,0,0,0,1,1,0,1,12822,12822,2501,78,Qv2ray/Qv2ray,62.0,84982.0,30.0,217.0,3037.0,20.0,1058.0,1078.0,0.0,440.0,440.0,4.0,133.0,451.0,104.0,106.0,125.0,106.0,114.0,1
google/guetzli,0,1,0,1,0,0,0,0,0,12602,12602,1007,79,google/guetzli,23.0,35185.0,5.0,22.0,145.0,103.0,68.0,171.0,20.0,81.0,101.0,3.0,20.0,404.0,93.0,105.0,97.0,105.0,97.0,0
fmtlib/fmt,1,1,0,1,1,1,1,0,0,12595,12595,1516,80,fmtlib/fmt,376.0,1023349.0,30.0,29.0,5633.0,9.0,1799.0,1808.0,2.0,978.0,980.0,0.0,363.0,448.0,102.0,104.0,106.0,104.0,134.0,1
apache/incubator-brpc,0,1,0,1,0,1,0,1,0,12591,12591,3147,81,apache/incubator-brpc,143.0,0.0,2.0,0.0,2429.0,484.0,710.0,1194.0,80.0,439.0,519.0,0.0,74.0,460.0,107.0,103.0,136.0,103.0,118.0,1
microsoft/AirSim,1,1,0,1,0,1,1,1,0,12484,12484,3506,82,microsoft/AirSim,239.0,19621.0,26.0,218.0,3379.0,501.0,2594.0,3095.0,11.0,799.0,810.0,1.0,111.0,482.0,116.0,102.0,146.0,102.0,132.0,1
CoatiSoftware/Sourcetrail,1,1,0,1,0,1,1,1,0,12252,12252,837,83,CoatiSoftware/Sourcetrail,45.0,22980.0,9.0,49.0,2760.0,356.0,680.0,1036.0,0.0,190.0,190.0,3.0,92.0,398.0,91.0,101.0,93.0,101.0,103.0,0
MarlinFirmware/Marlin,0,0,0,1,0,1,1,1,0,12158,12158,15554,84,MarlinFirmware/Marlin,1090.0,0.0,2.0,0.0,19266.0,673.0,12328.0,13001.0,53.0,10494.0,10547.0,1.0,197.0,550.0,138.0,100.0,180.0,100.0,170.0,1
arangodb/arangodb,0,1,0,1,0,1,1,0,0,11846,11846,740,85,arangodb/arangodb,166.0,0.0,2.0,0.0,48412.0,577.0,3648.0,4225.0,67.0,11555.0,11622.0,3.0,101.0,461.0,108.0,99.0,90.0,99.0,173.0,1
google/tink,0,1,0,1,1,1,1,1,0,11831,11831,1030,86,google/tink,113.0,556.0,20.0,15.0,4516.0,105.0,291.0,396.0,23.0,168.0,191.0,0.0,97.0,399.0,92.0,98.0,99.0,98.0,104.0,0
onnx/onnx,1,1,0,1,0,1,1,1,0,11761,11761,2266,87,onnx/onnx,256.0,17321.0,21.0,6.0,1908.0,445.0,1380.0,1825.0,75.0,2072.0,2147.0,2.0,77.0,467.0,109.0,97.0,121.0,97.0,152.0,1
wkhtmltopdf/wkhtmltopdf,0,1,0,1,0,0,1,0,0,11685,11685,1527,88,wkhtmltopdf/wkhtmltopdf,93.0,2421.0,15.0,156.0,1172.0,1240.0,2279.0,3519.0,24.0,172.0,196.0,0.0,6.0,404.0,93.0,96.0,107.0,96.0,105.0,0
lettier/3d-game-shaders-for-beginners,1,1,0,1,0,1,1,0,0,11635,11635,851,89,lettier/3d-game-shaders-for-beginners,1.0,0.0,2.0,0.0,1.0,13.0,11.0,24.0,0.0,9.0,9.0,0.0,1.0,354.0,87.0,95.0,94.0,95.0,70.0,0
keepassxreboot/keepassxc,0,1,0,1,0,1,1,1,0,11523,11523,929,90,keepassxreboot/keepassxc,353.0,307951.0,30.0,715.0,4220.0,671.0,4815.0,5486.0,27.0,1656.0,1683.0,3.0,83.0,431.0,97.0,94.0,95.0,94.0,148.0,0
Tencent/rapidjson,1,1,0,1,1,1,1,1,1,11501,11501,3051,91,Tencent/rapidjson,206.0,0.0,2.0,0.0,2407.0,502.0,845.0,1347.0,60.0,583.0,643.0,3.0,62.0,446.0,101.0,93.0,134.0,93.0,126.0,1
WerWolv/ImHex,0,1,0,1,0,1,1,1,1,11466,11466,576,92,WerWolv/ImHex,58.0,4824.0,28.0,129.0,1304.0,34.0,286.0,320.0,2.0,132.0,134.0,0.0,44.0,371.0,88.0,92.0,87.0,92.0,100.0,0
EOSIO/eos,1,1,0,1,0,1,1,1,0,11296,11296,3659,93,EOSIO/eos,343.0,7493.0,30.0,122.0,20554.0,297.0,4741.0,5038.0,79.0,5897.0,5976.0,0.0,282.0,495.0,122.0,91.0,148.0,91.0,165.0,1
USTC-Resource/USTC-Course,1,0,0,0,0,0,1,0,0,11201,11201,3162,94,USTC-Resource/USTC-Course,11.0,0.0,2.0,0.0,86.0,2.0,8.0,10.0,0.0,14.0,14.0,0.0,18.0,394.0,89.0,90.0,137.0,90.0,77.0,0
apple/foundationdb,0,1,0,1,0,0,1,1,0,10880,10880,1016,95,apple/foundationdb,259.0,424.0,30.0,616.0,18688.0,739.0,676.0,1415.0,192.0,4902.0,5094.0,2.0,64.0,440.0,99.0,89.0,98.0,89.0,164.0,0
ShiqiYu/libfacedetection,0,0,0,1,1,1,1,0,0,10818,10818,2905,96,ShiqiYu/libfacedetection,26.0,0.0,2.0,0.0,189.0,37.0,256.0,293.0,3.0,30.0,33.0,2.0,83.0,394.0,89.0,88.0,130.0,88.0,88.0,0
davisking/dlib,0,1,0,1,0,1,1,0,0,10745,10745,2999,97,davisking/dlib,184.0,24898.0,24.0,1.0,8046.0,45.0,1953.0,1998.0,6.0,528.0,534.0,0.0,11.0,425.0,96.0,87.0,132.0,87.0,119.0,0
kyleneideck/BackgroundMusic,1,1,0,1,1,1,1,0,0,10571,10571,508,98,kyleneideck/BackgroundMusic,34.0,99204.0,30.0,70.0,352.0,383.0,138.0,521.0,0.0,34.0,34.0,4.0,85.0,347.0,86.0,86.0,86.0,86.0,89.0,0
ChaojianYu/Hierarchical-Bilinear-Pooling,1,1,0,1,0,1,1,0,0,99,99,23,185,ChaojianYu/Hierarchical-Bilinear-Pooling,1.0,0.0,2.0,0.0,6.0,7.0,3.0,10.0,0.0,0.0,0.0,0.0,6.0,233.0,67.0,85.0,62.0,85.0,1.0,0
barryWhiteHat/semaphore,1,1,0,1,0,0,1,0,0,98,98,72,184,barryWhiteHat/semaphore,5.0,0.0,2.0,0.0,18.0,3.0,2.0,5.0,0.0,6.0,6.0,0.0,8.0,314.0,84.0,84.0,84.0,84.0,62.0,0
MayaPosch/BMaC,1,1,0,1,0,0,0,0,0,97,97,10,183,MayaPosch/BMaC,2.0,0.0,2.0,0.0,52.0,0.0,0.0,0.0,0.0,0.0,0.0,0.0,2.0,198.0,55.0,83.0,31.0,83.0,1.0,0
deiss/fftocean,0,1,0,1,0,1,1,0,0,96,96,19,182,deiss/fftocean,5.0,0.0,2.0,0.0,186.0,4.0,1.0,5.0,0.0,3.0,3.0,0.0,66.0,277.0,75.0,82.0,58.0,82.0,55.0,0
SungjoonPark/KoreanWordVectors,1,0,0,1,1,0,1,0,0,95,95,12,181,SungjoonPark/KoreanWordVectors,1.0,0.0,2.0,0.0,9.0,0.0,2.0,2.0,0.0,0.0,0.0,0.0,8.0,200.0,57.0,81.0,37.0,81.0,1.0,0
kaelzhang/penteract-ocr,1,1,0,1,1,1,1,0,0,94,94,12,180,kaelzhang/penteract-ocr,1.0,0.0,2.0,0.0,34.0,10.0,1.0,11.0,0.0,0.0,0.0,0.0,18.0,198.0,55.0,80.0,37.0,80.0,1.0,0
ThibaultReuille/graphiti,0,1,0,0,0,0,0,0,0,93,93,22,179,ThibaultReuille/graphiti,7.0,0.0,2.0,0.0,167.0,6.0,9.0,15.0,1.0,5.0,6.0,0.0,8.0,280.0,78.0,79.0,60.0,79.0,62.0,0
uaf/uaf,1,1,0,1,0,1,1,0,0,92,92,41,178,uaf/uaf,9.0,0.0,2.0,0.0,800.0,20.0,67.0,87.0,1.0,62.0,63.0,0.0,25.0,327.0,85.0,78.0,77.0,78.0,94.0,0
SunResearchInstitute/sys-clk-Editor,0,1,0,0,0,1,0,0,0,91,91,7,177,SunResearchInstitute/sys-clk-Editor,8.0,7758.0,13.0,16.0,85.0,1.0,12.0,13.0,0.0,14.0,14.0,0.0,7.0,252.0,69.0,77.0,21.0,77.0,77.0,0
BEETL/BEETL,0,0,0,0,1,1,0,0,0,89,89,23,175,BEETL/BEETL,11.0,0.0,2.0,0.0,113.0,2.0,12.0,14.0,0.0,2.0,2.0,0.0,17.0,262.0,73.0,76.0,62.0,76.0,48.0,0
devkitPro/nds-hb-menu,0,1,0,1,0,1,0,0,0,88,88,17,174,devkitPro/nds-hb-menu,8.0,132651.0,5.0,5.0,167.0,5.0,3.0,8.0,0.0,4.0,4.0,0.0,3.0,262.0,73.0,75.0,54.0,75.0,58.0,0
jethrogb/ssltrace,0,0,0,1,0,0,0,0,0,87,87,16,173,jethrogb/ssltrace,3.0,0.0,2.0,0.0,21.0,0.0,1.0,1.0,0.0,1.0,1.0,0.0,7.0,235.0,68.0,74.0,51.0,74.0,36.0,0
plstcharles/litiv,0,1,0,1,0,0,1,1,0,86,86,27,172,plstcharles/litiv,9.0,0.0,2.0,0.0,1681.0,4.0,10.0,14.0,1.0,6.0,7.0,0.0,22.0,282.0,79.0,73.0,70.0,73.0,66.0,0
keegnotrub/coda-sass-plugin,1,1,0,1,1,1,0,0,0,85,85,10,171,keegnotrub/coda-sass-plugin,3.0,8858.0,13.0,13.0,25.0,11.0,23.0,34.0,0.0,1.0,1.0,0.0,6.0,211.0,61.0,72.0,31.0,72.0,36.0,0
kei500/liblinear-ruby,0,0,0,1,0,1,1,0,0,84,84,8,170,kei500/liblinear-ruby,5.0,0.0,2.0,0.0,98.0,3.0,2.0,5.0,0.0,6.0,6.0,0.0,11.0,228.0,66.0,71.0,24.0,71.0,62.0,0
lemire/dictionary,0,1,0,1,0,0,1,0,0,83,83,9,169,lemire/dictionary,2.0,0.0,2.0,0.0,25.0,0.0,0.0,0.0,0.0,1.0,1.0,0.0,12.0,205.0,60.0,70.0,29.0,70.0,36.0,0
ropensci/rzmq,1,1,0,1,0,0,1,0,0,82,82,30,168,ropensci/rzmq,8.0,0.0,2.0,0.0,174.0,6.0,21.0,27.0,4.0,27.0,31.0,0.0,10.0,297.0,82.0,69.0,73.0,69.0,86.0,0
plausiblelabs/plpatchmaster,0,1,0,1,0,0,0,0,0,81,81,12,167,plausiblelabs/plpatchmaster,1.0,0.0,2.0,0.0,49.0,1.0,0.0,1.0,0.0,0.0,0.0,0.0,9.0,174.0,45.0,68.0,37.0,68.0,1.0,0
named-data-ndnSIM/ndnSIM,0,1,0,0,1,0,1,0,0,80,80,149,166,named-data-ndnSIM/ndnSIM,46.0,0.0,2.0,0.0,1396.0,42.0,50.0,92.0,6.0,13.0,19.0,0.0,10.0,301.0,83.0,67.0,85.0,67.0,82.0,0
giddie/qt-cmake-template,1,1,0,1,0,0,1,0,0,79,79,17,165,giddie/qt-cmake-template,2.0,0.0,2.0,0.0,28.0,2.0,1.0,3.0,1.0,0.0,1.0,0.0,6.0,222.0,63.0,66.0,54.0,66.0,36.0,0
RobertKrajewski/Sync-my-L2P,1,0,0,1,1,1,1,0,0,78,78,26,164,RobertKrajewski/Sync-my-L2P,11.0,5984.0,8.0,84.0,320.0,26.0,98.0,124.0,0.0,46.0,46.0,0.0,11.0,290.0,81.0,65.0,68.0,65.0,92.0,0
EdgeApp/airbitz-core,0,1,0,1,0,0,0,0,0,77,77,47,163,EdgeApp/airbitz-core,18.0,0.0,2.0,0.0,1944.0,10.0,11.0,21.0,3.0,6.0,9.0,0.0,20.0,279.0,76.0,64.0,81.0,64.0,70.0,0
Facepunch/gmad,1,0,0,1,0,0,0,0,0,76,76,46,162,Facepunch/gmad,6.0,0.0,2.0,0.0,51.0,6.0,22.0,28.0,2.0,13.0,15.0,0.0,7.0,285.0,80.0,63.0,80.0,63.0,79.0,0
albertoCrive/homographyTrackingDemo,0,0,0,1,0,0,0,0,0,74,74,38,160,albertoCrive/homographyTrackingDemo,2.0,0.0,2.0,0.0,4.0,0.0,1.0,1.0,0.0,0.0,0.0,0.0,2.0,201.0,58.0,62.0,76.0,62.0,1.0,0
binnes/esp8266Workshop,0,0,0,1,0,0,1,0,0,73,73,71,159,binnes/esp8266Workshop,8.0,0.0,2.0,0.0,210.0,2.0,4.0,6.0,0.0,11.0,11.0,0.0,10.0,279.0,76.0,61.0,83.0,61.0,74.0,0
giacomodabisias/libfreenect2pclgrabber,0,0,0,1,0,0,0,0,0,72,72,29,158,giacomodabisias/libfreenect2pclgrabber,6.0,0.0,2.0,0.0,125.0,5.0,20.0,25.0,0.0,6.0,6.0,0.0,12.0,254.0,72.0,60.0,72.0,60.0,62.0,0
kalavaras/LibOVRWrapper,0,1,0,1,1,1,1,0,0,71,71,8,157,kalavaras/LibOVRWrapper,2.0,26153.0,3.0,3.0,59.0,1.0,0.0,1.0,0.0,3.0,3.0,0.0,4.0,197.0,53.0,59.0,24.0,59.0,55.0,0
manykits/PHOENIXEngine,1,1,0,1,0,1,1,0,0,70,70,23,156,manykits/PHOENIXEngine,1.0,0.0,2.0,0.0,2.0,2.0,0.0,2.0,0.0,0.0,0.0,0.0,1.0,179.0,48.0,58.0,62.0,58.0,1.0,0
odedstein/DevelopabilityOfTriangleMeshes,0,0,0,1,0,0,0,0,0,69,69,16,155,odedstein/DevelopabilityOfTriangleMeshes,1.0,0.0,2.0,0.0,2.0,0.0,0.0,0.0,0.0,0.0,0.0,0.0,1.0,166.0,42.0,57.0,51.0,57.0,1.0,0
dqydj/PaperBack_EPaper_Display,0,1,0,1,1,1,1,0,0,68,68,17,154,dqydj/PaperBack_EPaper_Display,4.0,0.0,2.0,0.0,30.0,0.0,1.0,1.0,0.0,4.0,4.0,0.0,7.0,224.0,64.0,56.0,54.0,56.0,58.0,0
loveblockchain/eosdice,1,0,0,0,0,0,0,0,0,67,67,41,153,loveblockchain/eosdice,1.0,0.0,2.0,0.0,44.0,1.0,3.0,4.0,0.0,0.0,0.0,0.0,2.0,188.0,51.0,55.0,77.0,55.0,1.0,0
theypsilon/concat,0,1,0,1,0,0,1,0,0,66,66,3,152,theypsilon/concat,2.0,0.0,2.0,0.0,96.0,4.0,1.0,5.0,0.0,1.0,1.0,0.0,25.0,151.0,35.0,54.0,7.0,54.0,36.0,0
yechengxi/DBG2OLC,1,1,0,1,1,0,1,0,0,62,62,28,148,yechengxi/DBG2OLC,8.0,0.0,2.0,0.0,75.0,5.0,62.0,67.0,0.0,13.0,13.0,0.0,30.0,253.0,70.0,53.0,71.0,53.0,76.0,0
jiapei100/VOSM,1,1,0,1,1,0,1,0,0,61,61,33,147,jiapei100/VOSM,3.0,0.0,2.0,0.0,160.0,1.0,4.0,5.0,0.0,0.0,0.0,0.0,28.0,179.0,48.0,52.0,74.0,52.0,1.0,0
faustomilletari/3D-Caffe,0,1,0,0,0,1,1,0,0,60,60,34,146,faustomilletari/3D-Caffe,2.0,0.0,2.0,0.0,4.0,6.0,3.0,9.0,0.0,0.0,0.0,0.0,1.0,178.0,46.0,51.0,75.0,51.0,1.0,0
TcT2k/wxPDFView,0,1,0,1,0,0,1,0,0,59,59,24,145,TcT2k/wxPDFView,7.0,0.0,2.0,0.0,168.0,7.0,3.0,10.0,1.0,0.0,1.0,0.0,24.0,201.0,58.0,50.0,65.0,50.0,36.0,0
okcashpro/okcash-oldsrc-history,1,1,0,0,0,1,1,1,0,58,58,61,144,okcashpro/okcash-oldsrc-history,10.0,185.0,15.0,74.0,177.0,1.0,5.0,6.0,0.0,10.0,10.0,0.0,28.0,253.0,70.0,49.0,82.0,49.0,73.0,0
danauclair/CardScan,0,0,0,0,0,1,0,0,0,57,57,17,143,danauclair/CardScan,1.0,0.0,2.0,0.0,3.0,2.0,0.0,2.0,0.0,0.0,0.0,0.0,1.0,151.0,35.0,48.0,54.0,48.0,1.0,0
mattmcd/NaCl,0,0,0,1,0,0,0,0,0,56,56,25,142,mattmcd/NaCl,3.0,0.0,2.0,0.0,119.0,1.0,4.0,5.0,0.0,1.0,1.0,0.0,4.0,197.0,53.0,47.0,67.0,47.0,36.0,0
NotGlop/SysExec,0,1,0,1,0,0,1,0,0,55,55,24,141,NotGlop/SysExec,1.0,0.0,2.0,0.0,10.0,0.0,1.0,1.0,0.0,0.0,0.0,0.0,3.0,158.0,38.0,46.0,65.0,46.0,1.0,0
indutny/mmap.js,1,0,0,1,0,1,0,0,0,54,54,11,140,indutny/mmap.js,4.0,0.0,2.0,0.0,18.0,5.0,3.0,8.0,2.0,5.0,7.0,1.0,2.0,191.0,52.0,45.0,35.0,45.0,66.0,0
elliotgoodrich/VariadicTemplateAlgorithms,0,0,0,1,0,0,0,0,0,53,53,4,139,elliotgoodrich/VariadicTemplateAlgorithms,2.0,0.0,2.0,0.0,43.0,0.0,1.0,1.0,0.0,1.0,1.0,0.0,6.0,132.0,30.0,44.0,8.0,44.0,36.0,0
qcdong2016/QCEditor,1,0,0,0,1,1,0,0,0,50,50,26,136,qcdong2016/QCEditor,1.0,0.0,2.0,0.0,80.0,0.0,2.0,2.0,0.0,0.0,0.0,0.0,22.0,155.0,37.0,43.0,68.0,43.0,1.0,0
qtumproject/x86lib,0,1,0,1,0,0,0,1,0,49,49,14,135,qtumproject/x86lib,5.0,0.0,2.0,0.0,231.0,0.0,1.0,1.0,1.0,26.0,27.0,0.0,1.0,216.0,62.0,42.0,47.0,42.0,85.0,0
motoharu-gosuto/psvcd,0,1,0,1,1,0,1,0,0,48,48,12,134,motoharu-gosuto/psvcd,2.0,0.0,2.0,0.0,41.0,0.0,0.0,0.0,1.0,1.0,2.0,0.0,24.0,167.0,43.0,41.0,37.0,41.0,48.0,0
to-miz/tm,0,1,0,0,1,0,0,0,0,47,47,5,133,to-miz/tm,3.0,0.0,2.0,0.0,233.0,0.0,3.0,3.0,0.0,0.0,0.0,0.0,66.0,93.0,19.0,40.0,12.0,40.0,1.0,0
JonnyPtn/SFML-DOOM,0,1,0,1,0,0,0,0,0,46,46,10,132,JonnyPtn/SFML-DOOM,6.0,11.0,2.0,6.0,278.0,0.0,5.0,5.0,0.0,4.0,4.0,0.0,9.0,167.0,43.0,39.0,31.0,39.0,58.0,0
simongeilfus/SpacePartitioning,0,1,0,0,1,0,0,0,0,44,44,7,130,simongeilfus/SpacePartitioning,3.0,0.0,2.0,0.0,42.0,0.0,2.0,2.0,0.0,2.0,2.0,0.0,13.0,145.0,34.0,38.0,21.0,38.0,48.0,0
ikekonglp/PAD,0,1,0,1,0,1,0,0,0,43,43,10,129,ikekonglp/PAD,1.0,0.0,2.0,0.0,14.0,1.0,0.0,1.0,0.0,0.0,0.0,0.0,9.0,106.0,22.0,37.0,31.0,37.0,1.0,0
bioinfologics/w2rap-contigger,0,0,0,1,1,0,0,0,0,41,41,12,127,bioinfologics/w2rap-contigger,6.0,0.0,2.0,0.0,212.0,17.0,26.0,43.0,0.0,8.0,8.0,0.0,7.0,178.0,46.0,36.0,37.0,36.0,69.0,0
freedib/lldbmi2,0,0,0,1,0,0,0,0,0,40,40,13,126,freedib/lldbmi2,10.0,0.0,2.0,0.0,166.0,0.0,22.0,22.0,0.0,9.0,9.0,0.0,13.0,183.0,50.0,35.0,43.0,35.0,70.0,0
WojciechMula/simd-search,0,0,1,0,0,0,0,0,0,39,39,12,125,WojciechMula/simd-search,2.0,0.0,2.0,0.0,12.0,1.0,0.0,1.0,0.0,1.0,1.0,0.0,2.0,141.0,33.0,34.0,37.0,34.0,36.0,0
wilda17/ESP8266-Google-Calendar-Arduino,0,0,0,1,0,0,0,0,0,38,38,21,124,wilda17/ESP8266-Google-Calendar-Arduino,2.0,0.0,2.0,0.0,6.0,3.0,2.0,5.0,0.0,1.0,1.0,0.0,3.0,161.0,39.0,33.0,59.0,33.0,36.0,0
ProjectSkyfire/SkyFire_one,0,1,0,1,1,1,1,1,0,37,37,42,123,ProjectSkyfire/SkyFire_one,23.0,0.0,2.0,0.0,1907.0,0.0,0.0,0.0,0.0,20.0,20.0,0.0,11.0,226.0,65.0,32.0,79.0,32.0,83.0,0
moononournation/ATtinyWatch,0,0,0,1,0,0,0,0,0,35,35,13,121,moononournation/ATtinyWatch,1.0,0.0,2.0,0.0,15.0,1.0,1.0,2.0,0.0,0.0,0.0,0.0,8.0,106.0,22.0,31.0,43.0,31.0,1.0,0
theintencity/py-webrtc,0,1,0,0,0,0,0,0,0,34,34,15,120,theintencity/py-webrtc,2.0,0.0,2.0,0.0,4.0,0.0,0.0,0.0,0.0,0.0,0.0,0.0,1.0,110.0,25.0,30.0,49.0,30.0,1.0,0
ue4plugins/HoverPlugin,1,1,0,1,0,1,1,0,0,33,33,14,119,ue4plugins/HoverPlugin,3.0,0.0,2.0,0.0,33.0,0.0,1.0,1.0,0.0,0.0,0.0,0.0,12.0,106.0,22.0,29.0,47.0,29.0,1.0,0
RafaelRiber/RetroWatch,1,1,0,1,0,0,1,0,0,32,32,1,118,RafaelRiber/RetroWatch,1.0,0.0,2.0,0.0,56.0,0.0,2.0,2.0,0.0,0.0,0.0,0.0,34.0,60.0,13.0,28.0,3.0,28.0,1.0,0
caitp/TwitchSwitcher,0,1,0,1,0,1,0,0,0,31,31,6,117,caitp/TwitchSwitcher,3.0,0.0,2.0,0.0,47.0,13.0,4.0,17.0,0.0,7.0,7.0,0.0,5.0,136.0,32.0,27.0,16.0,27.0,66.0,0
qlyoung/armory-keyboard,0,1,0,1,0,1,0,1,0,29,29,11,115,qlyoung/armory-keyboard,4.0,0.0,2.0,0.0,97.0,2.0,3.0,5.0,0.0,2.0,2.0,0.0,29.0,135.0,31.0,26.0,35.0,26.0,48.0,0
the-martian-trajectory-app/trajectory,0,1,0,0,0,0,0,0,0,28,28,6,114,the-martian-trajectory-app/trajectory,2.0,0.0,2.0,0.0,4.0,0.0,0.0,0.0,0.0,0.0,0.0,0.0,2.0,67.0,16.0,25.0,16.0,25.0,1.0,0
PlatformLab/PerfUtils,0,1,0,0,0,0,0,0,0,27,27,13,113,PlatformLab/PerfUtils,11.0,0.0,2.0,0.0,96.0,2.0,3.0,5.0,1.0,10.0,11.0,0.0,2.0,165.0,41.0,24.0,43.0,24.0,74.0,0
simlrh/OSVR-fusion,0,1,0,0,0,1,1,0,0,26,26,6,112,simlrh/OSVR-fusion,1.0,143.0,2.0,5.0,7.0,2.0,2.0,4.0,1.0,1.0,2.0,0.0,6.0,110.0,25.0,23.0,16.0,23.0,48.0,0
benhj/jasl,0,0,0,1,1,0,1,0,0,25,25,1,111,benhj/jasl,2.0,0.0,2.0,0.0,441.0,7.0,32.0,39.0,0.0,0.0,0.0,0.0,70.0,48.0,9.0,22.0,3.0,22.0,1.0,0
neuleaf/faster-rcnn-cpu,0,1,0,1,0,1,1,0,0,24,24,16,110,neuleaf/faster-rcnn-cpu,1.0,0.0,2.0,0.0,7.0,2.0,0.0,2.0,0.0,0.0,0.0,0.0,4.0,94.0,20.0,21.0,51.0,21.0,1.0,0
Psychlist1972/Windows-10-MIDI-Library,0,1,0,1,0,0,1,1,1,23,23,4,109,Psychlist1972/Windows-10-MIDI-Library,1.0,0.0,2.0,0.0,53.0,4.0,0.0,4.0,0.0,0.0,0.0,0.0,32.0,49.0,10.0,20.0,8.0,20.0,1.0,0
yixuan/fontr,0,1,0,1,0,0,0,0,0,22,22,2,108,yixuan/fontr,2.0,0.0,2.0,0.0,54.0,0.0,0.0,0.0,0.0,0.0,0.0,0.0,3.0,44.0,8.0,19.0,5.0,19.0,1.0,0
hasherezade/petya_green,0,0,0,1,1,0,0,0,0,21,21,13,107,hasherezade/petya_green,2.0,0.0,2.0,0.0,9.0,2.0,0.0,2.0,0.0,0.0,0.0,0.0,1.0,80.0,17.0,18.0,43.0,18.0,1.0,0
arcadejust/MultiotpCPV2RDP,0,0,0,1,0,0,1,0,0,20,20,22,106,arcadejust/MultiotpCPV2RDP,2.0,0.0,2.0,0.0,26.0,3.0,2.0,5.0,0.0,1.0,1.0,0.0,3.0,130.0,28.0,17.0,60.0,17.0,36.0,0
Ivanzgj/Algorithm,1,0,0,0,0,0,0,0,0,19,19,8,105,Ivanzgj/Algorithm,2.0,0.0,2.0,0.0,37.0,0.0,0.0,0.0,0.0,0.0,0.0,0.0,18.0,57.0,12.0,16.0,24.0,16.0,1.0,0
ckmarkoh/AcrosticPoem-RNNPG,1,0,0,1,0,0,1,0,0,18,18,7,104,ckmarkoh/AcrosticPoem-RNNPG,2.0,0.0,2.0,0.0,4.0,0.0,0.0,0.0,0.0,0.0,0.0,0.0,3.0,52.0,11.0,15.0,21.0,15.0,1.0,0
ruoso/u5e,1,1,0,1,0,0,1,0,0,17,17,6,103,ruoso/u5e,4.0,0.0,2.0,0.0,145.0,4.0,1.0,5.0,0.0,2.0,2.0,0.0,27.0,92.0,18.0,14.0,16.0,14.0,48.0,0
dpjudas/UICore,0,1,0,1,0,0,1,0,0,16,16,8,102,dpjudas/UICore,2.0,0.0,2.0,0.0,304.0,0.0,4.0,4.0,0.0,17.0,17.0,0.0,6.0,131.0,29.0,13.0,24.0,13.0,81.0,0
Tomash667/carpg,1,1,0,1,0,0,1,1,0,15,15,15,101,Tomash667/carpg,7.0,0.0,2.0,0.0,877.0,153.0,245.0,398.0,0.0,45.0,45.0,2.0,6.0,164.0,40.0,12.0,49.0,12.0,91.0,0
ftsrg/BME-MODES3,1,1,0,1,0,0,0,0,1,14,14,8,100,ftsrg/BME-MODES3,20.0,82.0,7.0,6.0,1327.0,18.0,100.0,118.0,2.0,13.0,15.0,3.0,44.0,125.0,27.0,11.0,24.0,11.0,79.0,0
CHADALAK1/WeaponEssentials4.6,0,0,0,1,0,0,0,0,0,13,13,9,198,CHADALAK1/WeaponEssentials4.6,2.0,0.0,2.0,0.0,15.0,0.0,0.0,0.0,0.0,2.0,2.0,0.0,5.0,97.0,21.0,10.0,29.0,10.0,48.0,0
verybigdog/fdk-aac-ios,1,0,0,0,0,0,0,0,0,12,12,6,197,verybigdog/fdk-aac-ios,2.0,0.0,2.0,0.0,2.0,0.0,0.0,0.0,0.0,0.0,0.0,0.0,1.0,35.0,7.0,9.0,16.0,9.0,1.0,0
filcuc/NimQtCreatorPlugin,0,1,0,1,0,0,0,0,0,11,11,5,196,filcuc/NimQtCreatorPlugin,1.0,0.0,2.0,0.0,43.0,0.0,8.0,8.0,0.0,1.0,1.0,0.0,5.0,64.0,14.0,8.0,12.0,8.0,36.0,0
Goalsum/POD_STL,1,0,0,1,0,0,1,0,0,10,10,5,195,Goalsum/POD_STL,1.0,0.0,2.0,0.0,76.0,0.0,0.0,0.0,0.0,0.0,0.0,0.0,3.0,27.0,6.0,7.0,12.0,7.0,1.0,0
ivanfratric/libsubspace,1,1,0,1,1,0,1,0,0,8,8,4,193,ivanfratric/libsubspace,2.0,0.0,2.0,0.0,5.0,0.0,1.0,1.0,0.0,0.0,0.0,0.0,2.0,21.0,4.0,6.0,8.0,6.0,1.0,0
Babygogogo/BabyWarsInCpp,0,1,0,1,0,0,1,0,0,7,7,5,192,Babygogogo/BabyWarsInCpp,1.0,0.0,2.0,0.0,93.0,0.0,0.0,0.0,0.0,0.0,0.0,0.0,2.0,23.0,5.0,5.0,12.0,5.0,1.0,0
fuzzythecat/SBK-Interpreter,0,1,0,1,0,0,0,0,0,6,6,0,191,fuzzythecat/SBK-Interpreter,2.0,0.0,2.0,0.0,29.0,3.0,2.0,5.0,0.0,3.0,3.0,0.0,7.0,64.0,14.0,4.0,1.0,4.0,55.0,0
zhs007/sanguo,1,0,0,1,1,0,0,0,0,5,5,4,190,zhs007/sanguo,2.0,0.0,2.0,0.0,81.0,0.0,0.0,0.0,0.0,0.0,0.0,0.0,6.0,15.0,3.0,3.0,8.0,3.0,1.0,0
resibots/map_elites_hexapod,1,1,0,1,1,1,1,0,0,4,4,2,189,resibots/map_elites_hexapod,3.0,0.0,2.0,0.0,11.0,0.0,0.0,0.0,0.0,0.0,0.0,0.0,8.0,10.0,2.0,2.0,5.0,2.0,1.0,0
RobotClubKut/IntelligentRoboCon_ImageProc,1,0,0,0,0,0,0,0,0,2,2,0,187,RobotClubKut/IntelligentRoboCon_ImageProc,1.0,0.0,2.0,0.0,7.0,0.0,0.0,0.0,0.0,0.0,0.0,0.0,1.0,4.0,1.0,1.0,1.0,1.0,1.0,0
